text,intent
Puis-je obtenir une bourse de mobilité internationale ?,faq
"Bonjour, comment obtenir une attestation fiscale ?",faq
Comment faire une demande d'exeat ?,faq
"Bonjour, puis-je amener mon animal de compagnie sur le campus ?",faq
"Bonjour, comment préparer mon projet professionnel ?",faq
Email de Bibliothèque - Médiathèque,contact
"Bonjour, puis-je travailler en parallèle de mes études ?",faq
"Bonjour, combien d'absences sont tolérées ?",faq
Je ne sais pas comment signalement de harcèlement ou discrimination,procedure
Email de Urgence Campus ESIC,contact
"Bonjour, quels sont les jours fériés pendant l'année ?",faq
Comment je peux obtenir mon calendrier personnalisé ?,faq
"Bonjour, puis-je assister à un cours d'une autre promotion ?",faq
"Bonjour, y a-t-il une aide pour trouver un logement ?",faq
Comment faire : Obtention du Diplôme Final ?,procedure
Quelles étapes pour Signalement d'un Incident Technique (IT) ?,procedure
Je veux faire une demande : Demande de Convention de Stage,procedure
Quand commencent les vacances ?,calendar
Comment fonctionne la représentation étudiante ?,faq
Je veux faire une demande : Emprunt de Livres à la Bibliothèque,procedure
"Bonjour, comment suspendre provisoirement mes études ?",faq
"Bonjour, mon emploi du temps a changé, comment suis-je informé ?",faq
Procédure pour Obtention d'un Certificat de Scolarité,procedure
Combien d'absences sont tolérées ?,faq
Horaires de Police,contact
Comment accéder au WiFi sur le campus ?,faq
Y a-t-il des cours en ligne ou en distanciel ?,faq
Je veux joindre Urgence Campus ESIC,contact
"Bonjour, y a-t-il des casiers disponibles pour les étudiants ?",faq
"Bonjour, y a-t-il un parking sur le campus ?",faq
Je veux joindre Numéro d'urgence européen,contact
Comment contacter Sécurité Campus ?,contact
Je veux faire une demande : Inscription à un Programme de Mobilité Internationale,procedure
Où se trouve Restaurant Universitaire ?,contact
Où se trouve Pompiers ?,contact
Procédure pour Demande de Prêt de Matériel Informatique,procedure
Quels sont les débouchés professionnels après le diplôme ?,faq
"Bonjour, qui dois-je contacter si j'ai un problème avec mon emploi du temps ?",faq
Procédure pour Signalement de Harcèlement ou Discrimination,procedure
"Bonjour, quels sont les débouchés professionnels après le diplôme ?",faq
Je ne sais pas comment demande de contrat d'alternance,procedure
Quels sont les projets proposés pendant la formation ?,faq
Horaires de Admissions,contact
Procédure pour Demande de Césure,procedure
"Bonjour, comment accéder aux ressources numériques de la bibliothèque ?",faq
Où se trouve Bibliothèque - Médiathèque ?,contact
Comment puis-je obtenir mon calendrier personnalisé ?,faq
Où se trouve Psychologie ?,contact
"Bonjour, quels sont les horaires de la bibliothèque ?",faq
Puis-je faire un double diplôme à l'étranger ?,faq
"Bonjour, quand a lieu le forum des entreprises ?",faq
Je veux joindre Service Social,contact
Horaires de Bibliothèque - Médiathèque,contact
Procédure pour Inscription à une Certification Professionnelle,procedure
"Bonjour, comment obtenir mon code INE/BEA ?",faq
Je ne sais pas comment emprunt de livres à la bibliothèque,procedure
Je peux poursuivre en doctorat après le Master ?,faq
"Bonjour, quelles sont les spécialisations disponibles en Bachelor 3 ?",faq
"Bonjour, quels sont les projets proposés pendant la formation ?",faq
Je ne sais pas comment contestation d'une note,procedure
Comment faire : Demande de Contrat d'Alternance ?,procedure
Puis-je me réorienter après la première année ?,faq
"Bonjour, quand commence le semestre 2 ?",faq
Je veux faire une demande : Inscription à une Certification Professionnelle,procedure
"Bonjour, comment accéder au réseau des Alumni ?",faq
Puis-je accéder au campus le week-end ?,faq
Quelles étapes pour Emprunt de Livres à la Bibliothèque ?,procedure
"Bonjour, comment obtenir mon diplôme après la validation ?",faq
Comment faire : Emprunt de Livres à la Bibliothèque ?,procedure
Comment contacter Service Social ?,contact
"Bonjour, comment obtenir une convention de stage ?",faq
"Bonjour, y a-t-il un service de photocopies ?",faq
Je veux faire une demande : Signalement d'un Incident Technique (IT),procedure
Comment puis-je voir les notes de mes camarades ?,faq
Comment contacter Admissions ?,contact
"Bonjour, comment modifier mes informations personnelles ?",faq
Email de Bureau de la Vie Étudiante (BVE),contact
"Bonjour, comment protège-t-on mes données personnelles (RGPD) ?",faq
Je ne sais pas comment demande de validation des acquis de l'expérience (vae),procedure
Comment payer mes frais de scolarité ?,faq
Puis-je porter ce que je veux sur le campus ?,faq
Comment faire : Inscription à un Programme de Mobilité Internationale ?,procedure
Email de Fil Santé Jeunes,contact
Horaires de Service des Sports,contact
Je peux faire un double diplôme à l'étranger ?,faq
"Bonjour, comment faire une demande de césure ?",faq
Horaires de SAMU,contact
Procédure pour Inscription à un Examen de Rattrapage,procedure
"Bonjour, comment payer mes frais de scolarité ?",faq
Email de Sécurité Campus,contact
Où se trouve Bureau de la Vie Étudiante (BVE) ?,contact
"Bonjour, comment se déroule un semestre d'échange à l'étranger ?",faq
"Bonjour, y a-t-il un service de navette entre les campus ?",faq
"Bonjour, comment obtenir mon relevé de notes ?",faq
Horaires de Service Carrières et Relations Entreprises,contact
Email de SOS Amitié,contact
Comment obtenir une carte IZLY pour le restaurant universitaire ?,faq
Je peux travailler en parallèle de mes études ?,faq
"Bonjour, quand a lieu la journée d'intégration ?",faq
Comment contacter Restaurant Universitaire ?,contact
Comment contacter Relations Internationales ?,contact
Horaires de Psychologie,contact
Je veux joindre Santé - Infirmerie,contact
Comment se passe la remise des diplômes ?,faq
Comment obtenir une prolongation de délai pour un rendu ?,faq
Comment obtenir mon diplôme après la validation ?,faq
Horaires de Urgence Campus ESIC,contact
Dates des examens,exam
Je veux joindre Scolarité,contact
Jusqu'à quelle heure y a-t-il des cours ?,faq
Comment faire : Inscription à une Certification Professionnelle ?,procedure
Comment obtenir un visa étudiant (pour étudiants internationaux) ?,faq
Email de Psychologie,contact
Je ne sais pas comment organisation d'un événement sur le campus,procedure
Je veux joindre Cafétéria,contact
"Bonjour, quelle est la différence entre CM, TD et TP ?",faq
Horaires de Restaurant Universitaire,contact
Quelles étapes pour Création d'une Association Étudiante ?,procedure
Comment faire une demande de bourse CROUS ?,faq
Y a-t-il une connexion VPN pour accéder aux ressources depuis chez moi ?,faq
Email de Cafétéria,contact
"Bonjour, y a-t-il des sanctions disciplinaires et lesquelles ?",faq
"Bonjour, puis-je accéder au campus le week-end ?",faq
Comment protège-t-on mes données personnelles (RGPD) ?,faq
Je ne sais pas comment demande de transfert de dossier et exeat,procedure
Je ne sais pas comment demande de bourse crous,procedure
Procédure pour Demande d'Aide Financière d'Urgence,procedure
Procédure pour Création d'une Association Étudiante,procedure
Quelles étapes pour Demande de Contrat d'Alternance ?,procedure
Je veux joindre Relations Internationales,contact
Puis-je arriver en retard à un examen ?,faq
"Bonjour, quels sont mes droits en tant qu'étudiant ?",faq
"Bonjour, comment obtenir une prolongation de délai pour un rendu ?",faq
Comment accéder aux ressources numériques de la bibliothèque ?,faq
"Bonjour, puis-je partir en vacances avant la fin du semestre ?",faq
Comment rejoindre ou créer une association étudiante ?,faq
"Bonjour, quand se déroule la semaine de révisions ?",faq
"Bonjour, jusqu'à quelle heure y a-t-il des cours ?",faq
Puis-je organiser un événement sur le campus ?,faq
Quelles étapes pour Activation et Utilisation du Compte ENT ?,procedure
Où se trouve Violences Femmes Info ?,contact
Quels sont les horaires de la bibliothèque ?,faq
Comment obtenir un justificatif de présence pour la sécurité sociale ?,faq
Comment emprunter un livre à la bibliothèque ?,faq
Y a-t-il une aide pour les étudiants en situation de handicap ?,faq
Je peux emprunter du matériel informatique ?,faq
Je peux assister à un cours d'une autre promotion ?,faq
Comment signaler un objet trouvé ou perdu ?,faq
"Bonjour, comment fonctionne le planning des projets ?",faq
Je veux joindre SAMU,contact
"Bonjour, que se passe-t-il si je suis malade le jour d'un examen ?",faq
Je ne sais pas comment réservation d'une salle,procedure
Quelles étapes pour Demande d'Aménagement pour Situation de Handicap ?,procedure
"Bonjour, y a-t-il des cours en ligne ou en distanciel ?",faq
Comment faire : Inscription Administrative ?,procedure
Comment faire : Création d'une Association Étudiante ?,procedure
Email de Pompiers,contact
"Bonjour, puis-je avoir un emploi du temps aménagé ?",faq
"Bonjour, puis-je me réorienter après la première année ?",faq
"Bonjour, puis-je créer ma propre startup pendant mes études ?",faq
Comment contacter Urgence Campus ESIC ?,contact
"Bonjour, puis-je poursuivre en doctorat après le Master ?",faq
Je veux joindre Sécurité Campus,contact
Quand dois-je choisir ma spécialisation ?,faq
Comment participer à des projets solidaires ou bénévoles ?,faq
Comment contacter Bureau de la Vie Étudiante (BVE) ?,contact
Comment faire une réclamation ou signaler un problème ?,faq
Comment obtenir un duplicata de diplôme ?,faq
"Bonjour, comment faire une réclamation ou signaler un problème ?",faq
Puis-je créer ma propre startup pendant mes études ?,faq
Comment faire : Contestation d'une Note ?,procedure
Je ne sais pas comment inscription à un examen de rattrapage,procedure
"Bonjour, comment consulter un médecin ou une infirmière sur le campus ?",faq
Je veux joindre Police,contact
Quelles étapes pour Inscription à un Programme de Mobilité Internationale ?,procedure
Problème de mot de passe ENT,ent
Comment rejoindre le Bureau Des Étudiants (BDE) ?,faq
Je peux obtenir un reçu fiscal pour mes frais de scolarité ?,faq
Horaires de Numéro d'urgence européen,contact
"Bonjour, y a-t-il une permanence de mon responsable de formation ?",faq
"Bonjour, y a-t-il une boutique ou une librairie sur le campus ?",faq
"Bonjour, quand aurons-nous les résultats des examens ?",faq
Comment obtenir une convention de stage ?,faq
Je veux faire une demande : Réservation d'une Salle,procedure
"Bonjour, quels sont les horaires du restaurant universitaire ?",faq
Procédure pour Procédure Disciplinaire,procedure
Y a-t-il une permanence de mon responsable de formation ?,faq
Quelles étapes pour Contestation d'une Note ?,procedure
Comment faire : Demande d'Aide Financière d'Urgence ?,procedure
Procédure pour Activation et Utilisation du Compte ENT,procedure
Comment faire : Inscription à un Examen de Rattrapage ?,procedure
Comment connaître la salle d'examen ?,faq
"Bonjour, comment l'école nous aide-t-elle à trouver un stage ou une alternance ?",faq
Où se trouve Santé - Infirmerie ?,contact
Où se trouve Fil Santé Jeunes ?,contact
Procédure pour Demande de Transfert de Dossier et Exeat,procedure
Email de Police,contact
Où se trouve Comptabilité et Finances ?,contact
Y a-t-il un service de photocopies ?,faq
Comment faire : Déclaration d'Absence ?,procedure
Y a-t-il un distributeur de billets (DAB) sur le campus ?,faq
"Bonjour, puis-je modifier mon groupe de TD/TP ?",faq
Quels sont les jours fériés pendant l'année ?,faq
Email de SAMU,contact
Horaires de Cafétéria,contact
Procédure pour Contestation d'une Note,procedure
Où se trouve Police ?,contact
Je veux faire une demande : Demande de Bourse CROUS,procedure
Quelles étapes pour Procédure Disciplinaire ?,procedure
"Bonjour, y a-t-il un distributeur de billets (DAB) sur le campus ?",faq
Puis-je imprimer des documents sur le campus ?,faq
Où voir mon planning ?,timetable
Comment obtenir une réduction étudiante ?,faq
Y a-t-il une aide pour trouver un logement ?,faq
Comment obtenir une attestation de stage ?,faq
Comment obtenir mon code INE/BEA ?,faq
Horaires de Scolarité,contact
Quand ont lieu les examens ?,faq
Je peux créer ma propre startup pendant mes études ?,faq
Je veux faire une demande : Inscription Administrative,procedure
"Bonjour, quelles sont les passerelles vers d'autres écoles ?",faq
Comment faire : Demande de Prêt de Matériel Informatique ?,procedure
Je veux mon emploi du temps,timetable
Je peux avoir un emploi du temps aménagé ?,faq
"Bonjour, comment puis-je obtenir mon calendrier personnalisé ?",faq
Quelles étapes pour Demande de Bourse CROUS ?,procedure
Téléphone de Bureau de la Vie Étudiante (BVE),contact
Je veux joindre Communication,contact
Bonsoir,faq
Comment contacter Violences Femmes Info ?,contact
Quelles sont les dates des vacances scolaires ?,faq
Procédure pour Réservation d'une Salle,procedure
Je peux porter ce que je veux sur le campus ?,faq
Comment contacter Service Carrières et Relations Entreprises ?,contact
"Bonjour, y a-t-il une connexion VPN pour accéder aux ressources depuis chez moi ?",faq
Qui dois-je contacter si j'ai un problème avec mon emploi du temps ?,faq
Je peux arriver en retard à un examen ?,faq
Je peux amener mon animal de compagnie sur le campus ?,faq
Où se trouve Communication ?,contact
Je ne sais pas comment demande d'aide financière d'urgence,procedure
"Bonjour, comment fonctionne le système de rattrapage ?",faq
Y a-t-il des casiers disponibles pour les étudiants ?,faq
Je peux utiliser les installations le soir ou pendant les vacances ?,faq
Je veux joindre Psychologie,contact
Je ne sais pas comment signalement d'un incident technique (it),procedure
"Bonjour, puis-je obtenir une bourse de mobilité internationale ?",faq
Je ne sais pas comment déclaration d'absence,procedure
Comment contacter Cafétéria ?,contact
Téléphone de Bibliothèque - Médiathèque,contact
"Bonjour, y a-t-il des cours pendant les vacances ?",faq
"Bonjour, comment choisir entre stage et alternance ?",faq
Comment activer mon compte ENT ?,faq
"Bonjour, comment obtenir un justificatif de présence pour la sécurité sociale ?",faq
Comment préparer mon projet professionnel ?,faq
Où se trouve Service des Sports ?,contact
"Bonjour, comment activer mon compte ENT ?",faq
"Bonjour, comment obtenir un justificatif de déplacement pour la CAF ?",faq
Comment accéder au réseau des Alumni ?,faq
Comment contacter Scolarité ?,contact
Email de Violences Femmes Info,contact
Téléphone de Urgence Campus ESIC,contact
Comment m'inscrire à une certification professionnelle ?,faq
Y a-t-il un service de navette entre les campus ?,faq
Comment contacter Police ?,contact
Quand commence le semestre 2 ?,faq
Horaires de Pompiers,contact
Comment contacter Numéro d'urgence européen ?,contact
Y a-t-il des examens blancs ?,faq
"Bonjour, combien d'heures de cours par semaine ?",faq
Je veux faire une demande : Obtention d'un Certificat de Scolarité,procedure
J'ai un problème avec mon emploi du temps,timetable
Comment fonctionne le planning des projets ?,faq
Téléphone de Violences Femmes Info,contact
Je veux faire une demande : Inscription à un Examen de Rattrapage,procedure
Comment contacter Service des Sports ?,contact
"Quelle est la différence entre CM, TD et TP ?",faq
Comment faire : Réservation d'une Salle ?,procedure
Y a-t-il une cafétéria sur le campus ?,faq
Comment faire une demande de changement de formation ?,faq
"Bonjour, quelle est la politique de l'école concernant le plagiat ?",faq
Puis-je assister à un cours d'une autre promotion ?,faq
"Bonjour, où puis-je consulter mon emploi du temps ?",faq
"Mon emploi du temps a changé, comment suis-je informé ?",faq
Où se trouve Informatique - Helpdesk IT ?,contact
Comment puis-je réserver une salle ?,faq
Je veux joindre Admissions,contact
Téléphone de Comptabilité et Finances,contact
Où se trouve ma salle de cours ?,faq
"Bonjour, y a-t-il des bourses ou aides spécifiques de l'école ?",faq
Comment faire : Obtention d'un Certificat de Scolarité ?,procedure
"Bonjour, où puis-je réchauffer mon repas ?",faq
Je ne sais pas comment création d'une association étudiante,procedure
"Bonjour, comment puis-je voir les notes de mes camarades ?",faq
Puis-je emprunter du matériel informatique ?,faq
"Bonjour, combien de temps durent les examens ?",faq
Comment fonctionne le système de majeure/mineure ?,faq
Téléphone de Sécurité Campus,contact
Quelles étapes pour Déclaration d'Absence ?,procedure
Je ne sais pas comment procédure disciplinaire,procedure
Comment je peux réserver une salle ?,faq
"Bonjour, où se trouve ma salle de cours ?",faq
"Bonjour, quelles sont les règles en cas d'urgence ou d'évacuation ?",faq
Puis-je avoir un emploi du temps aménagé ?,faq
Horaires de Bureau de la Vie Étudiante (BVE),contact
"Bonjour, puis-je organiser un événement sur le campus ?",faq
Y a-t-il une salle de sport sur le campus ?,faq
À quelle heure commencent les cours le matin ?,faq
"Bonjour, comment faire une demande de remboursement ?",faq
"Bonjour, puis-je imprimer des documents sur le campus ?",faq
Email de Service Social,contact
"Bonjour, comment faire valider mes acquis professionnels ?",faq
Quand a lieu la journée d'intégration ?,faq
"Bonjour, comment emprunter un livre à la bibliothèque ?",faq
Quand a lieu l'examen de machine learning ?,exam
Comment contacter Fil Santé Jeunes ?,contact
Procédure pour Demande de Contrat d'Alternance,procedure
Comment s'inscrire en tant qu'alternant ?,faq
Y a-t-il une boutique ou une librairie sur le campus ?,faq
Où puis-je réchauffer mon repas ?,faq
"Bonjour, puis-je utiliser les installations le soir ou pendant les vacances ?",faq
Je veux faire une demande : Signalement de Harcèlement ou Discrimination,procedure
Comment puis-je exporter mon emploi du temps sur mon téléphone ?,faq
Quand se déroule la semaine de révisions ?,faq
Que se passe-t-il si je suis malade le jour d'un examen ?,faq
Procédure pour Déclaration d'Absence,procedure
"Bonjour, comment puis-je obtenir un certificat de scolarité ?",faq
"Bonjour, quand commence le semestre 1 ?",faq
Où consulter mon emploi du temps ?,timetable
Existe-t-il des cours de soutien ou du tutorat ?,faq
Où se trouve Scolarité ?,contact
Quelles étapes pour Inscription Administrative ?,procedure
Je peux accéder au campus le week-end ?,faq
Téléphone de Relations Internationales,contact
Je veux faire une demande : Demande d'Aménagement pour Situation de Handicap,procedure
"Bonjour, existe-t-il des cours de soutien ou du tutorat ?",faq
Puis-je modifier mon groupe de TD/TP ?,faq
"Bonjour, que faire en cas de harcèlement ou de discrimination ?",faq
"Bonjour, comment obtenir une carte de réduction transport (Imagine R) ?",faq
"Bonjour, comment rejoindre ou créer une association étudiante ?",faq
Je veux faire une demande : Création d'une Association Étudiante,procedure
Comment obtenir une carte de réduction transport (Imagine R) ?,faq
Je veux faire une demande : Demande d'Aide Financière d'Urgence,procedure
Comment obtenir une attestation de réussite ?,faq
"Bonjour, comment obtenir un duplicata de bulletin ?",faq
Procédure pour Organisation d'un Événement sur le Campus,procedure
Comment obtenir une attestation d'assurance scolaire ?,faq
Quelles étapes pour Signalement de Harcèlement ou Discrimination ?,procedure
"Bonjour, comment obtenir une attestation d'assurance scolaire ?",faq
"Bonjour, comment m'inscrire à un examen de rattrapage ?",faq
Téléphone de Restaurant Universitaire,contact
Comment m'inscrire aux cours de langue ?,faq
Comment contacter Informatique - Helpdesk IT ?,contact
Téléphone de Admissions,contact
"Bonjour, comment contester une note ?",faq
"Bonjour, comment sont organisées les soutenances de projet ?",faq
Quand commence le semestre 2 ?,calendar
Comment obtenir mon relevé de notes ?,faq
"Bonjour, comment obtenir une attestation de réussite ?",faq
Quelles étapes pour Demande de Validation des Acquis de l'Expérience (VAE) ?,procedure
Horaires de Comptabilité et Finances,contact
"Bonjour, comment faire une demande de changement de formation ?",faq
Quelles étapes pour Demande de Transfert de Dossier et Exeat ?,procedure
"Bonjour, comment obtenir un duplicata de diplôme ?",faq
Quelle est la politique de l'école concernant le plagiat ?,faq
Comment obtenir une attestation fiscale ?,faq
Comment se déroule un semestre d'échange à l'étranger ?,faq
Je veux faire une demande : Demande de Césure,procedure
"Bonjour, comment fonctionne l'assurance scolaire ?",faq
Comment contacter le service informatique en cas de problème technique ?,faq
Horaires de SOS Amitié,contact
Quelles certifications professionnelles puis-je obtenir ?,faq
Téléphone de Numéro d'urgence européen,contact
"Bonjour, comment obtenir une attestation de stage ?",faq
"Bonjour, comment se passe la remise des diplômes ?",faq
Quelles étapes pour Organisation d'un Événement sur le Campus ?,procedure
Téléphone de Communication,contact
Horaires de Informatique - Helpdesk IT,contact
Quand aurons-nous les résultats des examens ?,faq
Y a-t-il des cours pendant les vacances ?,faq
"Bonjour, comment fonctionne le système de majeure/mineure ?",faq
Mon planning a changé,timetable
Quels sont mes droits en tant qu'étudiant ?,faq
Je veux faire une demande : Activation et Utilisation du Compte ENT,procedure
Procédure pour Signalement d'un Incident Technique (IT),procedure
Comment suspendre provisoirement mes études ?,faq
Quelles étapes pour Réservation d'une Salle ?,procedure
L'école propose-t-elle des formations continues ou de la VAE ?,faq
"Bonjour, y a-t-il une cafétéria sur le campus ?",faq
Téléphone de Informatique - Helpdesk IT,contact
"Bonjour, quelles sont les règles concernant l'alcool sur le campus ?",faq
Téléphone de SOS Amitié,contact
Comment faire : Signalement d'un Incident Technique (IT) ?,procedure
Ai-je le droit de fumer sur le campus ?,faq
Je veux joindre Service des Sports,contact
Je ne sais pas comment activation et utilisation du compte ent,procedure
Y a-t-il cours le samedi ?,faq
"Bonjour, à quelle heure commencent les cours le matin ?",faq
Y a-t-il des sanctions disciplinaires et lesquelles ?,faq
Je peux filmer ou photographier sur le campus ?,faq
Je peux obtenir une bourse de mobilité internationale ?,faq
Téléphone de Scolarité,contact
Je peux imprimer des documents sur le campus ?,faq
"Bonjour, comment connaître la salle d'examen ?",faq
"Bonjour, comment fonctionne la représentation étudiante ?",faq
Téléphone de Service Social,contact
Comment faire : Procédure Disciplinaire ?,procedure
Comment modifier mes informations personnelles ?,faq
Je veux faire une demande : Contestation d'une Note,procedure
Je veux joindre Bureau de la Vie Étudiante (BVE),contact
Je veux joindre Comptabilité et Finances,contact
Puis-je obtenir un reçu fiscal pour mes frais de scolarité ?,faq
Je veux connaître mes examens,exam
"Bonjour, comment rejoindre le Bureau Des Étudiants (BDE) ?",faq
Quand sont les soutenances de stage ?,faq
Email de Comptabilité et Finances,contact
Hello,faq
Quelles sont les règles concernant l'alcool sur le campus ?,faq
"Bonjour, puis-je obtenir un reçu fiscal pour mes frais de scolarité ?",faq
Puis-je utiliser les installations le soir ou pendant les vacances ?,faq
"Bonjour, quand ont lieu les examens ?",faq
"Bonjour, comment puis-je exporter mon emploi du temps sur mon téléphone ?",faq
Je veux joindre Bibliothèque - Médiathèque,contact
Comment faire : Demande de Bourse CROUS ?,procedure
Quelles certifications professionnelles je peux obtenir ?,faq
Téléphone de Service Carrières et Relations Entreprises,contact
Email de Service des Sports,contact
Téléphone de Police,contact
Quelles étapes pour Demande de Césure ?,procedure
Je veux faire une demande : Procédure Disciplinaire,procedure
"Bonjour, puis-je porter ce que je veux sur le campus ?",faq
"Bonjour, comment contacter le service informatique en cas de problème technique ?",faq
"Bonjour, quels événements sont organisés pendant l'année ?",faq
Y a-t-il une période d'essai en début d'année ?,faq
Je veux faire une demande : Organisation d'un Événement sur le Campus,procedure
"Bonjour, l'école propose-t-elle des formations continues ou de la VAE ?",faq
Je peux modifier mon groupe de TD/TP ?,faq
Email de Santé - Infirmerie,contact
Je peux partir en vacances avant la fin du semestre ?,faq
"Bonjour, comment participer à des projets solidaires ou bénévoles ?",faq
"J'ai perdu ma carte étudiante, que faire ?",faq
Y a-t-il un parking sur le campus ?,faq
Email de Scolarité,contact
Puis-je filmer ou photographier sur le campus ?,faq
Combien de temps durent les cours ?,faq
Je peux me réorienter après la première année ?,faq
Où se trouve Sécurité Campus ?,contact
Email de Restaurant Universitaire,contact
Quand commence le semestre 1 ?,calendar
Comment faire : Signalement de Harcèlement ou Discrimination ?,procedure
Comment je peux voir les notes de mes camarades ?,faq
"Bonjour, ai-je le droit de fumer sur le campus ?",faq
Je veux joindre Pompiers,contact
Comment faire une demande de césure ?,faq
Je ne sais pas comment obtention du diplôme final,procedure
Quelles sont les spécialisations disponibles en Bachelor 3 ?,faq
Comment contacter Comptabilité et Finances ?,contact
"Bonjour, comment faire une demande d'exeat ?",faq
Comment faire : Demande d'Aménagement pour Situation de Handicap ?,procedure
Comment je peux obtenir un certificat de scolarité ?,faq
Téléphone de Fil Santé Jeunes,contact
Je veux joindre Fil Santé Jeunes,contact
"Bonjour, comment puis-je réserver une salle ?",faq
Puis-je travailler en parallèle de mes études ?,faq
Où se trouve Service Social ?,contact
Comment contacter Communication ?,contact
Horaires de Service Social,contact
Je ne sais pas comment obtention d'un certificat de scolarité,procedure
"Bonjour, comment s'inscrire en tant qu'alternant ?",faq
Comment faire une demande de remboursement ?,faq
"Bonjour, comment faire une demande de transfert de dossier vers une autre école ?",faq
Procédure pour Emprunt de Livres à la Bibliothèque,procedure
Quels événements sont organisés pendant l'année ?,faq
Où se trouve Admissions ?,contact
Mon emploi du temps ne s'affiche pas,timetable
Procédure pour Demande de Convention de Stage,procedure
Quand a lieu le forum des entreprises ?,faq
Bonjour,faq
"Bonjour, quelles certifications professionnelles puis-je obtenir ?",faq
Que faire en cas de harcèlement ou de discrimination ?,faq
Y a-t-il un psychologue sur le campus ?,faq
Comment contester une note ?,faq
"Bonjour, comment fonctionnent les équipes sportives de l'école ?",faq
Je veux joindre Restaurant Universitaire,contact
"Bonjour, où puis-je recharger mon ordinateur portable sur le campus ?",faq
Quelles étapes pour Inscription à un Examen de Rattrapage ?,procedure
Email de Relations Internationales,contact
Comment contacter Santé - Infirmerie ?,contact
"Bonjour, combien de temps durent les cours ?",faq
Où puis-je recharger mon ordinateur portable sur le campus ?,faq
"Bonjour, puis-je arriver en retard à un examen ?",faq
"Bonjour, comment faire une demande d'équivalence de diplôme étranger ?",faq
Je ne sais pas comment inscription administrative,procedure
"Bonjour, quand dois-je choisir ma spécialisation ?",faq
"Bonjour, comment obtenir un visa étudiant (pour étudiants internationaux) ?",faq
Email de Numéro d'urgence européen,contact
"Bonjour, puis-je emprunter du matériel informatique ?",faq
Je veux faire une demande : Demande de Contrat d'Alternance,procedure
Téléphone de SAMU,contact
"Bonjour, y a-t-il un service de restauration pour les personnes ayant des régimes spéciaux ?",faq
Quelles étapes pour Inscription à une Certification Professionnelle ?,procedure
Où je peux recharger mon ordinateur portable sur le campus ?,faq
Horaires de Sécurité Campus,contact
"Bonjour, comment fonctionne le système ECTS ?",faq
Comment faire une demande de transfert de dossier vers une autre école ?,faq
Y a-t-il un hackathon organisé par l'école ?,faq
Je peux organiser un événement sur le campus ?,faq
Salut,faq
Je ne sais pas comment demande de césure,procedure
Comment choisir entre stage et alternance ?,faq
Je ne sais pas comment inscription à un programme de mobilité internationale,procedure
Procédure pour Inscription Administrative,procedure
Calendrier universitaire,calendar
Je peux faire mes stages/alternance à l'étranger ?,faq
Quelles sont les règles en cas d'urgence ou d'évacuation ?,faq
Où se trouve Service Carrières et Relations Entreprises ?,contact
Comment contacter Bibliothèque - Médiathèque ?,contact
Je ne sais pas comment inscription à une certification professionnelle,procedure
Où je peux réchauffer mon repas ?,faq
Comment m'inscrire à un examen de rattrapage ?,faq
Comment obtenir un justificatif de déplacement pour la CAF ?,faq
Comment contacter Pompiers ?,contact
"Bonjour, puis-je faire mes stages/alternance à l'étranger ?",faq
Comment l'école nous aide-t-elle à trouver un stage ou une alternance ?,faq
Quelles étapes pour Obtention d'un Certificat de Scolarité ?,procedure
Je veux joindre Service Carrières et Relations Entreprises,contact
Email de Informatique - Helpdesk IT,contact
Où se trouve SAMU ?,contact
"Bonjour, y a-t-il une aide pour les étudiants en situation de handicap ?",faq
Puis-je amener mon animal de compagnie sur le campus ?,faq
Où se trouve Urgence Campus ESIC ?,contact
Comment fonctionnent les équipes sportives de l'école ?,faq
Puis-je poursuivre en doctorat après le Master ?,faq
Comment faire valider mes acquis professionnels ?,faq
"Bonjour, comment obtenir une carte IZLY pour le restaurant universitaire ?",faq
Je veux faire une demande : Obtention du Diplôme Final,procedure
Je ne sais pas comment demande d'aménagement pour situation de handicap,procedure
Je ne reçois pas les emails ESIC,ent
Quelles étapes pour Obtention du Diplôme Final ?,procedure
Horaires de Violences Femmes Info,contact
"Bonjour, y a-t-il une salle de sport sur le campus ?",faq
"Bonjour, comment m'inscrire aux cours de langue ?",faq
"Bonjour, comment signaler un objet trouvé ou perdu ?",faq
Je ne sais pas comment demande de prêt de matériel informatique,procedure
"Bonjour, y a-t-il des examens blancs ?",faq
Quelles étapes pour Demande de Prêt de Matériel Informatique ?,procedure
Téléphone de Pompiers,contact
Où je peux consulter mon emploi du temps ?,faq
Comment obtenir un duplicata de bulletin ?,faq
Combien de temps durent les examens ?,faq
Où voir ma convocation d'examen ?,exam
Je veux faire une demande : Demande de Transfert de Dossier et Exeat,procedure
Où se trouve Numéro d'urgence européen ?,contact
Comment sont organisées les soutenances de projet ?,faq
Je veux faire une demande : Demande de Validation des Acquis de l'Expérience (VAE),procedure
Quand commence le semestre 1 ?,faq
Comment faire une demande d'aide d'urgence ?,faq
"Bonjour, y a-t-il un psychologue sur le campus ?",faq
Je ne sais pas comment demande de convention de stage,procedure
Dates des vacances scolaires,calendar
"Bonjour, puis-je filmer ou photographier sur le campus ?",faq
Procédure pour Demande de Bourse CROUS,procedure
Téléphone de Psychologie,contact
Où puis-je consulter mon emploi du temps ?,faq
Je veux faire une demande : Demande de Prêt de Matériel Informatique,procedure
"Bonjour, quand sont les soutenances de stage ?",faq
"Bonjour, comment faire une demande de bourse CROUS ?",faq
Quelles étapes pour Demande de Convention de Stage ?,procedure
Comment puis-je obtenir un certificat de scolarité ?,faq
"Bonjour, comment accéder au WiFi sur le campus ?",faq
Puis-je faire mes stages/alternance à l'étranger ?,faq
Quelles sont les passerelles vers d'autres écoles ?,faq
Téléphone de Santé - Infirmerie,contact
Quand sont mes examens ?,exam
Où se trouve Relations Internationales ?,contact
"Bonjour, y a-t-il cours le samedi ?",faq
Comment faire : Demande de Transfert de Dossier et Exeat ?,procedure
Je veux joindre Informatique - Helpdesk IT,contact
Comment contacter Psychologie ?,contact
Quelles étapes pour Demande d'Aide Financière d'Urgence ?,procedure
"Bonjour, y a-t-il un hackathon organisé par l'école ?",faq
Comment je peux exporter mon emploi du temps sur mon téléphone ?,faq
"Bonjour, comment obtenir une réduction étudiante ?",faq
Horaires de Relations Internationales,contact
"Bonjour, j'ai perdu ma carte étudiante, que faire ?",faq
Téléphone de Service des Sports,contact
Y a-t-il des bourses ou aides spécifiques de l'école ?,faq
Comment consulter un médecin ou une infirmière sur le campus ?,faq
Horaires de Fil Santé Jeunes,contact
Procédure pour Obtention du Diplôme Final,procedure
Puis-je partir en vacances avant la fin du semestre ?,faq
Comment fonctionne le système ECTS ?,faq
Où se trouve SOS Amitié ?,contact
"Bonjour, comment faire une demande d'aide d'urgence ?",faq
Je veux joindre SOS Amitié,contact
Mon compte ENT est bloqué,ent
"Bonjour, y a-t-il une période d'essai en début d'année ?",faq
Procédure pour Inscription à un Programme de Mobilité Internationale,procedure
Je veux faire une demande : Déclaration d'Absence,procedure
Je n'arrive pas à me connecter à l'ENT,ent
Comment fonctionne le système de rattrapage ?,faq
Rattrapages : quand et comment ?,exam
Comment faire : Demande de Convention de Stage ?,procedure
Email de Admissions,contact
Combien d'heures de cours par semaine ?,faq
Y a-t-il des cours en anglais ?,faq
Quels sont les horaires du restaurant universitaire ?,faq
Procédure pour Demande de Validation des Acquis de l'Expérience (VAE),procedure
Comment faire une demande d'équivalence de diplôme étranger ?,faq
Connexion ENT impossible,ent
Comment faire : Organisation d'un Événement sur le Campus ?,procedure
"Bonjour, puis-je faire un double diplôme à l'étranger ?",faq
Où se trouve Cafétéria ?,contact
Y a-t-il un service de restauration pour les personnes ayant des régimes spéciaux ?,faq
Comment faire : Activation et Utilisation du Compte ENT ?,procedure
Comment faire : Demande de Validation des Acquis de l'Expérience (VAE) ?,procedure
Comment contacter SOS Amitié ?,contact
Email de Communication,contact
Horaires de Communication,contact
"Bonjour, comment m'inscrire à une certification professionnelle ?",faq
"Bonjour, y a-t-il des cours en anglais ?",faq
Comment contacter SAMU ?,contact
Comment fonctionne l'assurance scolaire ?,faq
Horaires de Santé - Infirmerie,contact
Je veux joindre Violences Femmes Info,contact
Comment faire : Demande de Césure ?,procedure
Procédure pour Demande d'Aménagement pour Situation de Handicap,procedure
"Bonjour, quelles sont les dates des vacances scolaires ?",faq
Téléphone de Cafétéria,contact
Email de Service Carrières et Relations Entreprises,contact
Quel est mon cours de Introduction Ã  la Programmation (Python) Lundi en B1 ?,timetable
Où se passe Introduction Ã  la Programmation (Python) Lundi ?,timetable
"Je suis en B1, j'ai quoi comme cours Lundi ?",timetable
"En B1, quel cours j'ai Lundi ?",timetable
Emploi du temps B1,timetable
"Mon planning Lundi a changé, je fais quoi ?",timetable
Quel est mon emploi du temps Lundi ?,timetable
Quel est mon cours de Introduction Ã  la Programmation (Python) Lundi ?,timetable
J'ai cours de Introduction Ã  la Programmation (Python) Lundi ?,timetable
Le cours de Introduction Ã  la Programmation (Python) est en salle Amphi A ?,timetable
Où voir l'emploi du temps pour B1 ?,timetable
Dans quelle salle est le cours de Introduction Ã  la Programmation (Python) ?,timetable
Quel est mon cours de MathÃ©matiques pour l'Informatique Lundi ?,timetable
Le cours de MathÃ©matiques pour l'Informatique est en salle Amphi A ?,timetable
Où se passe MathÃ©matiques pour l'Informatique Lundi ?,timetable
Dans quelle salle est le cours de MathÃ©matiques pour l'Informatique ?,timetable
J'ai cours de MathÃ©matiques pour l'Informatique Lundi ?,timetable
Quel est mon cours de MathÃ©matiques pour l'Informatique Lundi en B1 ?,timetable
Quel est mon cours de Communication Ã‰crite et Orale Lundi en B1 ?,timetable
Dans quelle salle est le cours de Communication Ã‰crite et Orale ?,timetable
Quel est mon cours de Communication Ã‰crite et Orale Lundi ?,timetable
Le cours de Communication Ã‰crite et Orale est en salle Salle B101 ?,timetable
J'ai cours de Communication Ã‰crite et Orale Lundi ?,timetable
Où se passe Communication Ã‰crite et Orale Lundi ?,timetable
Quel est mon emploi du temps Mardi ?,timetable
"En B1, quel cours j'ai Mardi ?",timetable
Quel est mon cours de Algorithmique et Structures de DonnÃ©es Mardi en B1 ?,timetable
Dans quelle salle est le cours de Algorithmique et Structures de DonnÃ©es ?,timetable
"Mon planning Mardi a changé, je fais quoi ?",timetable
"Je suis en B1, j'ai quoi comme cours Mardi ?",timetable
Quel est mon cours de Algorithmique et Structures de DonnÃ©es Mardi ?,timetable
Où se passe Algorithmique et Structures de DonnÃ©es Mardi ?,timetable
J'ai cours de Algorithmique et Structures de DonnÃ©es Mardi ?,timetable
Le cours de Algorithmique et Structures de DonnÃ©es est en salle Amphi A ?,timetable
J'ai cours de Anglais Professionnel Niveau 1 Mardi ?,timetable
Quel est mon cours de Anglais Professionnel Niveau 1 Mardi ?,timetable
Dans quelle salle est le cours de Anglais Professionnel Niveau 1 ?,timetable
Où se passe Anglais Professionnel Niveau 1 Mardi ?,timetable
Quel est mon cours de Anglais Professionnel Niveau 1 Mardi en B1 ?,timetable
Le cours de Anglais Professionnel Niveau 1 est en salle Salle B103 ?,timetable
Quel est mon emploi du temps Mercredi ?,timetable
Le cours de SystÃ¨mes d'Exploitation est en salle Amphi B ?,timetable
Quel est mon cours de SystÃ¨mes d'Exploitation Mercredi ?,timetable
Quel est mon cours de SystÃ¨mes d'Exploitation Mercredi en B1 ?,timetable
J'ai cours de SystÃ¨mes d'Exploitation Mercredi ?,timetable
Dans quelle salle est le cours de SystÃ¨mes d'Exploitation ?,timetable
Où se passe SystÃ¨mes d'Exploitation Mercredi ?,timetable
"En B1, quel cours j'ai Mercredi ?",timetable
"Mon planning Mercredi a changé, je fais quoi ?",timetable
"Je suis en B1, j'ai quoi comme cours Mercredi ?",timetable
J'ai cours de Introduction au Management Mercredi ?,timetable
Quel est mon cours de Introduction au Management Mercredi ?,timetable
Dans quelle salle est le cours de Introduction au Management ?,timetable
Le cours de Introduction au Management est en salle Amphi A ?,timetable
Quel est mon cours de Introduction au Management Mercredi en B1 ?,timetable
Où se passe Introduction au Management Mercredi ?,timetable
"En B1, quel cours j'ai Jeudi ?",timetable
Quel est mon cours de Statistiques Descriptives Jeudi ?,timetable
"Mon planning Jeudi a changé, je fais quoi ?",timetable
"Je suis en B1, j'ai quoi comme cours Jeudi ?",timetable
Quel est mon emploi du temps Jeudi ?,timetable
Où se passe Statistiques Descriptives Jeudi ?,timetable
Quel est mon cours de Statistiques Descriptives Jeudi en B1 ?,timetable
J'ai cours de Statistiques Descriptives Jeudi ?,timetable
Dans quelle salle est le cours de Statistiques Descriptives ?,timetable
Le cours de Statistiques Descriptives est en salle Amphi B ?,timetable
Quel est mon cours de Machine Learning AvancÃ© Lundi en B3-DATA ?,timetable
"En B3-DATA, quel cours j'ai Lundi ?",timetable
Quel est mon cours de Machine Learning AvancÃ© Lundi ?,timetable
Dans quelle salle est le cours de Machine Learning AvancÃ© ?,timetable
Le cours de Machine Learning AvancÃ© est en salle Amphi C ?,timetable
"Je suis en B3-DATA, j'ai quoi comme cours Lundi ?",timetable
Où voir l'emploi du temps pour B3-DATA ?,timetable
Où se passe Machine Learning AvancÃ© Lundi ?,timetable
Emploi du temps B3-DATA,timetable
J'ai cours de Machine Learning AvancÃ© Lundi ?,timetable
Quel est mon cours de Big Data et Spark Lundi ?,timetable
Dans quelle salle est le cours de Big Data et Spark ?,timetable
Quel est mon cours de Big Data et Spark Lundi en B3-DATA ?,timetable
Le cours de Big Data et Spark est en salle Amphi C ?,timetable
Où se passe Big Data et Spark Lundi ?,timetable
J'ai cours de Big Data et Spark Lundi ?,timetable
Quel est mon cours de Visualisation de DonnÃ©es Lundi en B3-DATA ?,timetable
Dans quelle salle est le cours de Visualisation de DonnÃ©es ?,timetable
J'ai cours de Visualisation de DonnÃ©es Lundi ?,timetable
Quel est mon cours de Visualisation de DonnÃ©es Lundi ?,timetable
Où se passe Visualisation de DonnÃ©es Lundi ?,timetable
Le cours de Visualisation de DonnÃ©es est en salle Lab Data ?,timetable
Le cours de NLP - Traitement du Langage Naturel est en salle Salle B201 ?,timetable
Où se passe NLP - Traitement du Langage Naturel Mardi ?,timetable
Quel est mon cours de NLP - Traitement du Langage Naturel Mardi en B3-DATA ?,timetable
"Je suis en B3-DATA, j'ai quoi comme cours Mardi ?",timetable
Dans quelle salle est le cours de NLP - Traitement du Langage Naturel ?,timetable
"En B3-DATA, quel cours j'ai Mardi ?",timetable
Quel est mon cours de NLP - Traitement du Langage Naturel Mardi ?,timetable
J'ai cours de NLP - Traitement du Langage Naturel Mardi ?,timetable
Le cours de Projet Data Science est en salle Lab Data ?,timetable
"En B3-DATA, quel cours j'ai Mercredi ?",timetable
Dans quelle salle est le cours de Projet Data Science ?,timetable
Où se passe Projet Data Science Mercredi ?,timetable
J'ai cours de Projet Data Science Mercredi ?,timetable
Quel est mon cours de Projet Data Science Mercredi ?,timetable
"Je suis en B3-DATA, j'ai quoi comme cours Mercredi ?",timetable
Quel est mon cours de Projet Data Science Mercredi en B3-DATA ?,timetable
Dans quelle salle est le cours de MLOps et DÃ©ploiement ?,timetable
Quel est mon cours de MLOps et DÃ©ploiement Jeudi ?,timetable
"En B3-DATA, quel cours j'ai Jeudi ?",timetable
Le cours de MLOps et DÃ©ploiement est en salle Salle B202 ?,timetable
"Je suis en B3-DATA, j'ai quoi comme cours Jeudi ?",timetable
Quel est mon cours de MLOps et DÃ©ploiement Jeudi en B3-DATA ?,timetable
J'ai cours de MLOps et DÃ©ploiement Jeudi ?,timetable
Où se passe MLOps et DÃ©ploiement Jeudi ?,timetable
Le cours de Anglais Technique - Data Science est en salle Salle B103 ?,timetable
J'ai cours de Anglais Technique - Data Science Jeudi ?,timetable
Quel est mon cours de Anglais Technique - Data Science Jeudi en B3-DATA ?,timetable
Quel est mon cours de Anglais Technique - Data Science Jeudi ?,timetable
Dans quelle salle est le cours de Anglais Technique - Data Science ?,timetable
Où se passe Anglais Technique - Data Science Jeudi ?,timetable
Dans quelle salle est le cours de Gestion de Projet Data ?,timetable
"Je suis en B3-DATA, j'ai quoi comme cours Vendredi ?",timetable
Le cours de Gestion de Projet Data est en salle Salle B201 ?,timetable
Quel est mon cours de Gestion de Projet Data Vendredi ?,timetable
"En B3-DATA, quel cours j'ai Vendredi ?",timetable
Quel est mon cours de Gestion de Projet Data Vendredi en B3-DATA ?,timetable
J'ai cours de Gestion de Projet Data Vendredi ?,timetable
Quel est mon emploi du temps Vendredi ?,timetable
"Mon planning Vendredi a changé, je fais quoi ?",timetable
Où se passe Gestion de Projet Data Vendredi ?,timetable
Dans quelle salle est le cours de Ethical Hacking et Pentesting ?,timetable
"Je suis en B3-CYBER, j'ai quoi comme cours Lundi ?",timetable
Emploi du temps B3-CYBER,timetable
J'ai cours de Ethical Hacking et Pentesting Lundi ?,timetable
Où se passe Ethical Hacking et Pentesting Lundi ?,timetable
Quel est mon cours de Ethical Hacking et Pentesting Lundi ?,timetable
Quel est mon cours de Ethical Hacking et Pentesting Lundi en B3-CYBER ?,timetable
"En B3-CYBER, quel cours j'ai Lundi ?",timetable
Le cours de Ethical Hacking et Pentesting est en salle Salle B201 ?,timetable
Où voir l'emploi du temps pour B3-CYBER ?,timetable
Où se passe Cryptographie AppliquÃ©e Lundi ?,timetable
Quel est mon cours de Cryptographie AppliquÃ©e Lundi ?,timetable
Dans quelle salle est le cours de Cryptographie AppliquÃ©e ?,timetable
Quel est mon cours de Cryptographie AppliquÃ©e Lundi en B3-CYBER ?,timetable
J'ai cours de Cryptographie AppliquÃ©e Lundi ?,timetable
Le cours de Cryptographie AppliquÃ©e est en salle Salle B201 ?,timetable
"Je suis en B3-CYBER, j'ai quoi comme cours Mardi ?",timetable
Le cours de SÃ©curitÃ© des Applications Web est en salle Salle B202 ?,timetable
"En B3-CYBER, quel cours j'ai Mardi ?",timetable
Dans quelle salle est le cours de SÃ©curitÃ© des Applications Web ?,timetable
J'ai cours de SÃ©curitÃ© des Applications Web Mardi ?,timetable
Quel est mon cours de SÃ©curitÃ© des Applications Web Mardi en B3-CYBER ?,timetable
Quel est mon cours de SÃ©curitÃ© des Applications Web Mardi ?,timetable
Où se passe SÃ©curitÃ© des Applications Web Mardi ?,timetable
Où se passe Forensics et RÃ©ponse aux Incidents Mardi ?,timetable
J'ai cours de Forensics et RÃ©ponse aux Incidents Mardi ?,timetable
Quel est mon cours de Forensics et RÃ©ponse aux Incidents Mardi en B3-CYBER ?,timetable
Dans quelle salle est le cours de Forensics et RÃ©ponse aux Incidents ?,timetable
Quel est mon cours de Forensics et RÃ©ponse aux Incidents Mardi ?,timetable
Le cours de Forensics et RÃ©ponse aux Incidents est en salle Salle B201 ?,timetable
Quel est mon cours de SÃ©curitÃ© des RÃ©seaux Mercredi ?,timetable
Le cours de SÃ©curitÃ© des RÃ©seaux est en salle Salle B201 ?,timetable
J'ai cours de SÃ©curitÃ© des RÃ©seaux Mercredi ?,timetable
"Je suis en B3-CYBER, j'ai quoi comme cours Mercredi ?",timetable
Dans quelle salle est le cours de SÃ©curitÃ© des RÃ©seaux ?,timetable
"En B3-CYBER, quel cours j'ai Mercredi ?",timetable
Quel est mon cours de SÃ©curitÃ© des RÃ©seaux Mercredi en B3-CYBER ?,timetable
Où se passe SÃ©curitÃ© des RÃ©seaux Mercredi ?,timetable
Le cours de Projet CTF et Challenges est en salle Lab Cyber ?,timetable
Quel est mon cours de Projet CTF et Challenges Jeudi en B3-CYBER ?,timetable
Quel est mon cours de Projet CTF et Challenges Jeudi ?,timetable
Où se passe Projet CTF et Challenges Jeudi ?,timetable
Dans quelle salle est le cours de Projet CTF et Challenges ?,timetable
"Je suis en B3-CYBER, j'ai quoi comme cours Jeudi ?",timetable
J'ai cours de Projet CTF et Challenges Jeudi ?,timetable
"En B3-CYBER, quel cours j'ai Jeudi ?",timetable
Où se passe Anglais Technique - CybersÃ©curitÃ© Jeudi ?,timetable
Quel est mon cours de Anglais Technique - CybersÃ©curitÃ© Jeudi en B3-CYBER ?,timetable
Le cours de Anglais Technique - CybersÃ©curitÃ© est en salle Salle B103 ?,timetable
J'ai cours de Anglais Technique - CybersÃ©curitÃ© Jeudi ?,timetable
Dans quelle salle est le cours de Anglais Technique - CybersÃ©curitÃ© ?,timetable
Quel est mon cours de Anglais Technique - CybersÃ©curitÃ© Jeudi ?,timetable
J'ai cours de ConformitÃ© et Gouvernance (ISO 27001) Vendredi ?,timetable
Quel est mon cours de ConformitÃ© et Gouvernance (ISO 27001) Vendredi ?,timetable
"Je suis en B3-CYBER, j'ai quoi comme cours Vendredi ?",timetable
Dans quelle salle est le cours de ConformitÃ© et Gouvernance (ISO 27001) ?,timetable
Quel est mon cours de ConformitÃ© et Gouvernance (ISO 27001) Vendredi en B3-CYBER ?,timetable
Le cours de ConformitÃ© et Gouvernance (ISO 27001) est en salle Salle B201 ?,timetable
"En B3-CYBER, quel cours j'ai Vendredi ?",timetable
Où se passe ConformitÃ© et Gouvernance (ISO 27001) Vendredi ?,timetable
Où se passe Gestion de Projet Cyber Vendredi ?,timetable
Quel est mon cours de Gestion de Projet Cyber Vendredi en B3-CYBER ?,timetable
Quel est mon cours de Gestion de Projet Cyber Vendredi ?,timetable
Le cours de Gestion de Projet Cyber est en salle Salle B202 ?,timetable
J'ai cours de Gestion de Projet Cyber Vendredi ?,timetable
Dans quelle salle est le cours de Gestion de Projet Cyber ?,timetable
Quel est mon cours de Architecture Logicielle Lundi en B3-DEV ?,timetable
Le cours de Architecture Logicielle est en salle Salle B201 ?,timetable
Quel est mon cours de Architecture Logicielle Lundi ?,timetable
Où voir l'emploi du temps pour B3-DEV ?,timetable
Emploi du temps B3-DEV,timetable
J'ai cours de Architecture Logicielle Lundi ?,timetable
"Je suis en B3-DEV, j'ai quoi comme cours Lundi ?",timetable
Où se passe Architecture Logicielle Lundi ?,timetable
"En B3-DEV, quel cours j'ai Lundi ?",timetable
Dans quelle salle est le cours de Architecture Logicielle ?,timetable
Quel est mon cours de DÃ©veloppement Mobile AvancÃ© Lundi ?,timetable
J'ai cours de DÃ©veloppement Mobile AvancÃ© Lundi ?,timetable
Quel est mon cours de DÃ©veloppement Mobile AvancÃ© Lundi en B3-DEV ?,timetable
Dans quelle salle est le cours de DÃ©veloppement Mobile AvancÃ© ?,timetable
Le cours de DÃ©veloppement Mobile AvancÃ© est en salle Salle B201 ?,timetable
Où se passe DÃ©veloppement Mobile AvancÃ© Lundi ?,timetable
Quel est mon cours de DevOps et CI/CD Mardi en B3-DEV ?,timetable
J'ai cours de DevOps et CI/CD Mardi ?,timetable
Où se passe DevOps et CI/CD Mardi ?,timetable
"Je suis en B3-DEV, j'ai quoi comme cours Mardi ?",timetable
"En B3-DEV, quel cours j'ai Mardi ?",timetable
Le cours de DevOps et CI/CD est en salle Salle B201 ?,timetable
Quel est mon cours de DevOps et CI/CD Mardi ?,timetable
Dans quelle salle est le cours de DevOps et CI/CD ?,timetable
J'ai cours de Cloud Computing (AWS) Mardi ?,timetable
Dans quelle salle est le cours de Cloud Computing (AWS) ?,timetable
Quel est mon cours de Cloud Computing (AWS) Mardi en B3-DEV ?,timetable
Le cours de Cloud Computing (AWS) est en salle Salle B202 ?,timetable
Quel est mon cours de Cloud Computing (AWS) Mardi ?,timetable
Où se passe Cloud Computing (AWS) Mardi ?,timetable
"Je suis en B3-DEV, j'ai quoi comme cours Mercredi ?",timetable
Où se passe Projet DÃ©veloppement Fullstack Mercredi ?,timetable
Quel est mon cours de Projet DÃ©veloppement Fullstack Mercredi en B3-DEV ?,timetable
Quel est mon cours de Projet DÃ©veloppement Fullstack Mercredi ?,timetable
J'ai cours de Projet DÃ©veloppement Fullstack Mercredi ?,timetable
Dans quelle salle est le cours de Projet DÃ©veloppement Fullstack ?,timetable
"En B3-DEV, quel cours j'ai Mercredi ?",timetable
Le cours de Projet DÃ©veloppement Fullstack est en salle Lab Dev ?,timetable
Quel est mon cours de Tests et QualitÃ© Logicielle Mercredi en B3-DEV ?,timetable
Le cours de Tests et QualitÃ© Logicielle est en salle Salle B201 ?,timetable
Dans quelle salle est le cours de Tests et QualitÃ© Logicielle ?,timetable
Où se passe Tests et QualitÃ© Logicielle Mercredi ?,timetable
J'ai cours de Tests et QualitÃ© Logicielle Mercredi ?,timetable
Quel est mon cours de Tests et QualitÃ© Logicielle Mercredi ?,timetable
J'ai cours de Microservices et Containers Jeudi ?,timetable
Dans quelle salle est le cours de Microservices et Containers ?,timetable
Quel est mon cours de Microservices et Containers Jeudi en B3-DEV ?,timetable
"Je suis en B3-DEV, j'ai quoi comme cours Jeudi ?",timetable
Où se passe Microservices et Containers Jeudi ?,timetable
Quel est mon cours de Microservices et Containers Jeudi ?,timetable
"En B3-DEV, quel cours j'ai Jeudi ?",timetable
Le cours de Microservices et Containers est en salle Salle B202 ?,timetable
Quel est mon cours de Anglais Technique - DÃ©veloppement Jeudi en B3-DEV ?,timetable
Le cours de Anglais Technique - DÃ©veloppement est en salle Salle B105 ?,timetable
Dans quelle salle est le cours de Anglais Technique - DÃ©veloppement ?,timetable
Où se passe Anglais Technique - DÃ©veloppement Jeudi ?,timetable
J'ai cours de Anglais Technique - DÃ©veloppement Jeudi ?,timetable
Quel est mon cours de Anglais Technique - DÃ©veloppement Jeudi ?,timetable
Le cours de Gestion de Projet Agile est en salle Salle B201 ?,timetable
"Je suis en B3-DEV, j'ai quoi comme cours Vendredi ?",timetable
J'ai cours de Gestion de Projet Agile Vendredi ?,timetable
Dans quelle salle est le cours de Gestion de Projet Agile ?,timetable
Quel est mon cours de Gestion de Projet Agile Vendredi ?,timetable
Où se passe Gestion de Projet Agile Vendredi ?,timetable
"En B3-DEV, quel cours j'ai Vendredi ?",timetable
Quel est mon cours de Gestion de Projet Agile Vendredi en B3-DEV ?,timetable
Emploi du temps M1-IA,timetable
Dans quelle salle est le cours de Deep Learning AvancÃ© ?,timetable
Quel est mon cours de Deep Learning AvancÃ© Lundi ?,timetable
Le cours de Deep Learning AvancÃ© est en salle Salle B201 ?,timetable
"En M1-IA, quel cours j'ai Lundi ?",timetable
Où voir l'emploi du temps pour M1-IA ?,timetable
Où se passe Deep Learning AvancÃ© Lundi ?,timetable
Quel est mon cours de Deep Learning AvancÃ© Lundi en M1-IA ?,timetable
J'ai cours de Deep Learning AvancÃ© Lundi ?,timetable
"Je suis en M1-IA, j'ai quoi comme cours Lundi ?",timetable
Quel est mon cours de Computer Vision Lundi ?,timetable
Dans quelle salle est le cours de Computer Vision ?,timetable
J'ai cours de Computer Vision Lundi ?,timetable
Où se passe Computer Vision Lundi ?,timetable
Le cours de Computer Vision est en salle Salle B202 ?,timetable
Quel est mon cours de Computer Vision Lundi en M1-IA ?,timetable
Le cours de IA GÃ©nÃ©rative (GANs Transformers) est en salle Salle B201 ?,timetable
Quel est mon cours de IA GÃ©nÃ©rative (GANs Transformers) Mardi ?,timetable
Dans quelle salle est le cours de IA GÃ©nÃ©rative (GANs Transformers) ?,timetable
"En M1-IA, quel cours j'ai Mardi ?",timetable
Où se passe IA GÃ©nÃ©rative (GANs Transformers) Mardi ?,timetable
"Je suis en M1-IA, j'ai quoi comme cours Mardi ?",timetable
J'ai cours de IA GÃ©nÃ©rative (GANs Transformers) Mardi ?,timetable
Quel est mon cours de IA GÃ©nÃ©rative (GANs Transformers) Mardi en M1-IA ?,timetable
"Je suis en M1-IA, j'ai quoi comme cours Mercredi ?",timetable
Quel est mon cours de Projet de Recherche en IA Mercredi en M1-IA ?,timetable
J'ai cours de Projet de Recherche en IA Mercredi ?,timetable
Le cours de Projet de Recherche en IA est en salle Lab Data ?,timetable
Quel est mon cours de Projet de Recherche en IA Mercredi ?,timetable
Dans quelle salle est le cours de Projet de Recherche en IA ?,timetable
"En M1-IA, quel cours j'ai Mercredi ?",timetable
Où se passe Projet de Recherche en IA Mercredi ?,timetable
Où se passe Ã‰thique et IA Responsable Jeudi ?,timetable
Dans quelle salle est le cours de Ã‰thique et IA Responsable ?,timetable
J'ai cours de Ã‰thique et IA Responsable Jeudi ?,timetable
Quel est mon cours de Ã‰thique et IA Responsable Jeudi ?,timetable
"Je suis en M1-IA, j'ai quoi comme cours Jeudi ?",timetable
Le cours de Ã‰thique et IA Responsable est en salle Salle B201 ?,timetable
"En M1-IA, quel cours j'ai Jeudi ?",timetable
Quel est mon cours de Ã‰thique et IA Responsable Jeudi en M1-IA ?,timetable
J'ai cours de Reinforcement Learning Jeudi ?,timetable
Quel est mon cours de Reinforcement Learning Jeudi ?,timetable
Dans quelle salle est le cours de Reinforcement Learning ?,timetable
Quel est mon cours de Reinforcement Learning Jeudi en M1-IA ?,timetable
Où se passe Reinforcement Learning Jeudi ?,timetable
Le cours de Reinforcement Learning est en salle Salle B202 ?,timetable
"Je suis en M1-IA, j'ai quoi comme cours Vendredi ?",timetable
Dans quelle salle est le cours de SÃ©minaire de Recherche ?,timetable
Quel est mon cours de SÃ©minaire de Recherche Vendredi ?,timetable
Où se passe SÃ©minaire de Recherche Vendredi ?,timetable
Quel est mon cours de SÃ©minaire de Recherche Vendredi en M1-IA ?,timetable
"En M1-IA, quel cours j'ai Vendredi ?",timetable
J'ai cours de SÃ©minaire de Recherche Vendredi ?,timetable
Le cours de SÃ©minaire de Recherche est en salle Salle B201 ?,timetable
J'ai cours de Innovation et Product Management Vendredi ?,timetable
Dans quelle salle est le cours de Innovation et Product Management ?,timetable
Où se passe Innovation et Product Management Vendredi ?,timetable
Le cours de Innovation et Product Management est en salle Salle B202 ?,timetable
Quel est mon cours de Innovation et Product Management Vendredi en M1-IA ?,timetable
Quel est mon cours de Innovation et Product Management Vendredi ?,timetable
Quel est mon cours de Threat Intelligence et SOC Lundi en M1-CYBER ?,timetable
Où voir l'emploi du temps pour M1-CYBER ?,timetable
J'ai cours de Threat Intelligence et SOC Lundi ?,timetable
Dans quelle salle est le cours de Threat Intelligence et SOC ?,timetable
Le cours de Threat Intelligence et SOC est en salle Salle B201 ?,timetable
Où se passe Threat Intelligence et SOC Lundi ?,timetable
"En M1-CYBER, quel cours j'ai Lundi ?",timetable
Emploi du temps M1-CYBER,timetable
Quel est mon cours de Threat Intelligence et SOC Lundi ?,timetable
"Je suis en M1-CYBER, j'ai quoi comme cours Lundi ?",timetable
Quel est mon cours de SÃ©curitÃ© Cloud et DevSecOps Lundi ?,timetable
Le cours de SÃ©curitÃ© Cloud et DevSecOps est en salle Salle B202 ?,timetable
Quel est mon cours de SÃ©curitÃ© Cloud et DevSecOps Lundi en M1-CYBER ?,timetable
Dans quelle salle est le cours de SÃ©curitÃ© Cloud et DevSecOps ?,timetable
Où se passe SÃ©curitÃ© Cloud et DevSecOps Lundi ?,timetable
J'ai cours de SÃ©curitÃ© Cloud et DevSecOps Lundi ?,timetable
"Je suis en M1-CYBER, j'ai quoi comme cours Mardi ?",timetable
Quel est mon cours de Cryptographie AvancÃ©e Mardi ?,timetable
Quel est mon cours de Cryptographie AvancÃ©e Mardi en M1-CYBER ?,timetable
Le cours de Cryptographie AvancÃ©e est en salle Salle B201 ?,timetable
Où se passe Cryptographie AvancÃ©e Mardi ?,timetable
J'ai cours de Cryptographie AvancÃ©e Mardi ?,timetable
Dans quelle salle est le cours de Cryptographie AvancÃ©e ?,timetable
"En M1-CYBER, quel cours j'ai Mardi ?",timetable
Dans quelle salle est le cours de Audit de SÃ©curitÃ© ?,timetable
Le cours de Audit de SÃ©curitÃ© est en salle Salle B201 ?,timetable
Où se passe Audit de SÃ©curitÃ© Mardi ?,timetable
Quel est mon cours de Audit de SÃ©curitÃ© Mardi ?,timetable
Quel est mon cours de Audit de SÃ©curitÃ© Mardi en M1-CYBER ?,timetable
J'ai cours de Audit de SÃ©curitÃ© Mardi ?,timetable
"En M1-CYBER, quel cours j'ai Mercredi ?",timetable
Où se passe Projet Red Team / Blue Team Mercredi ?,timetable
Quel est mon cours de Projet Red Team / Blue Team Mercredi en M1-CYBER ?,timetable
Le cours de Projet Red Team / Blue Team est en salle Lab Cyber ?,timetable
Quel est mon cours de Projet Red Team / Blue Team Mercredi ?,timetable
"Je suis en M1-CYBER, j'ai quoi comme cours Mercredi ?",timetable
J'ai cours de Projet Red Team / Blue Team Mercredi ?,timetable
Dans quelle salle est le cours de Projet Red Team / Blue Team ?,timetable
Dans quelle salle est le cours de SÃ©curitÃ© IoT et OT ?,timetable
J'ai cours de SÃ©curitÃ© IoT et OT Jeudi ?,timetable
Où se passe SÃ©curitÃ© IoT et OT Jeudi ?,timetable
"Je suis en M1-CYBER, j'ai quoi comme cours Jeudi ?",timetable
Quel est mon cours de SÃ©curitÃ© IoT et OT Jeudi ?,timetable
"En M1-CYBER, quel cours j'ai Jeudi ?",timetable
Le cours de SÃ©curitÃ© IoT et OT est en salle Salle B201 ?,timetable
Quel est mon cours de SÃ©curitÃ© IoT et OT Jeudi en M1-CYBER ?,timetable
J'ai cours de SÃ©minaire CybersÃ©curitÃ© Jeudi ?,timetable
Quel est mon cours de SÃ©minaire CybersÃ©curitÃ© Jeudi ?,timetable
Le cours de SÃ©minaire CybersÃ©curitÃ© est en salle Salle B201 ?,timetable
Quel est mon cours de SÃ©minaire CybersÃ©curitÃ© Jeudi en M1-CYBER ?,timetable
Dans quelle salle est le cours de SÃ©minaire CybersÃ©curitÃ© ?,timetable
Où se passe SÃ©minaire CybersÃ©curitÃ© Jeudi ?,timetable
Où se passe RÃ©glementation et ConformitÃ© Vendredi ?,timetable
"Je suis en M1-CYBER, j'ai quoi comme cours Vendredi ?",timetable
Le cours de RÃ©glementation et ConformitÃ© est en salle Salle B201 ?,timetable
J'ai cours de RÃ©glementation et ConformitÃ© Vendredi ?,timetable
Quel est mon cours de RÃ©glementation et ConformitÃ© Vendredi ?,timetable
Quel est mon cours de RÃ©glementation et ConformitÃ© Vendredi en M1-CYBER ?,timetable
Dans quelle salle est le cours de RÃ©glementation et ConformitÃ© ?,timetable
"En M1-CYBER, quel cours j'ai Vendredi ?",timetable
Le cours de Management de la SÃ©curitÃ© est en salle Salle B202 ?,timetable
Quel est mon cours de Management de la SÃ©curitÃ© Vendredi en M1-CYBER ?,timetable
Où se passe Management de la SÃ©curitÃ© Vendredi ?,timetable
J'ai cours de Management de la SÃ©curitÃ© Vendredi ?,timetable
Dans quelle salle est le cours de Management de la SÃ©curitÃ© ?,timetable
Quel est mon cours de Management de la SÃ©curitÃ© Vendredi ?,timetable
Quel est mon cours de Programmation OrientÃ©e Objet (Java) Lundi ?,timetable
Le cours de Programmation OrientÃ©e Objet (Java) est en salle Amphi A ?,timetable
Où se passe Programmation OrientÃ©e Objet (Java) Lundi ?,timetable
Dans quelle salle est le cours de Programmation OrientÃ©e Objet (Java) ?,timetable
"En B2, quel cours j'ai Lundi ?",timetable
J'ai cours de Programmation OrientÃ©e Objet (Java) Lundi ?,timetable
"Je suis en B2, j'ai quoi comme cours Lundi ?",timetable
Quel est mon cours de Programmation OrientÃ©e Objet (Java) Lundi en B2 ?,timetable
Où voir l'emploi du temps pour B2 ?,timetable
Emploi du temps B2,timetable
Quel est mon cours de Bases de DonnÃ©es AvancÃ©es Lundi en B2 ?,timetable
Le cours de Bases de DonnÃ©es AvancÃ©es est en salle Amphi A ?,timetable
Dans quelle salle est le cours de Bases de DonnÃ©es AvancÃ©es ?,timetable
Où se passe Bases de DonnÃ©es AvancÃ©es Lundi ?,timetable
Date de l'examen de éthique,exam
Planning des examens pour Data Science 2e année,exam
Quand est l'examen de mlops ?,exam
À quelle heure est l'examen de éthique ?,exam
À quelle heure est l'examen de statistiques ?,exam
À quelle heure est l'examen de data engineering ?,exam
Comment connaître ma salle d'examen ?,exam
Où se déroule l'examen de deep learning ?,exam
Est-ce qu'il y a un rattrapage pour data engineering ?,exam
Date de l'examen de reinforcement learning,exam
À quelle heure est l'examen de machine learning ?,exam
Examens B2 : dates et salles,exam
Examens Data Science 1e année : dates et salles,exam
Quand est l'examen de reinforcement learning ?,exam
Est-ce qu'il y a un rattrapage pour reinforcement learning ?,exam
Examens Data Science 2e année : dates et salles,exam
À quelle heure est l'examen de mlops ?,exam
Où se déroule l'examen de data engineering ?,exam
Planning des examens pour M1,exam
Examens B3 : dates et salles,exam
Quand est l'examen de data engineering ?,exam
Quand est l'examen de ml ?,exam
Planning des examens pour B1,exam
Date de l'examen de ml,exam
À quelle heure est l'examen de ml ?,exam
Quand est l'examen de deep learning ?,exam
Est-ce qu'il y a un rattrapage pour deep learning ?,exam
Quand est l'examen de python ?,exam
"Je suis en Data Science 2e année, quand sont mes examens ?",exam
Est-ce qu'il y a un rattrapage pour statistiques ?,exam
Je n'ai pas ma convocation d'examen,exam
"Je suis en B1, quand sont mes examens ?",exam
Je veux connaître la date de mes partiels,exam
Où se déroule l'examen de machine learning ?,exam
Où se déroule l'examen de python ?,exam
Est-ce qu'il y a un rattrapage pour ml ?,exam
À quelle heure est l'examen de reinforcement learning ?,exam
Date de l'examen de mlops,exam
Quand finissent les examens ?,exam
Quelle est la salle de mon examen ?,exam
Planning des examens pour Data Science 1e année,exam
Planning des examens pour B3,exam
Y a-t-il des rattrapages ?,exam
Est-ce qu'il y a un rattrapage pour éthique ?,exam
Où se déroule l'examen de ml ?,exam
Examens B1 : dates et salles,exam
"Je suis en Data Science 1e année, quand sont mes examens ?",exam
Comment ça se passe pour les rattrapages ?,exam
Quand est l'examen de éthique ?,exam
Où se déroule l'examen de éthique ?,exam
"Je suis en M1, quand sont mes examens ?",exam
Est-ce qu'il y a un rattrapage pour python ?,exam
Examens M1 : dates et salles,exam
Planning des examens pour M2,exam
Où se déroule l'examen de mlops ?,exam
Date de l'examen de python,exam
Date de l'examen de deep learning,exam
Où se déroule l'examen de reinforcement learning ?,exam
À quelle heure est l'examen de deep learning ?,exam
C'est quoi la période des examens ?,exam
"Je suis en M2, quand sont mes examens ?",exam
"Je suis en B2, quand sont mes examens ?",exam
Date de l'examen de statistiques,exam
Est-ce qu'il y a un rattrapage pour mlops ?,exam
"Je suis en B3, quand sont mes examens ?",exam
Examens M2 : dates et salles,exam
Quand commencent les examens ?,exam
Date de l'examen de data engineering,exam
Je veux les dates des examens du semestre,exam
Planning des examens pour B2,exam
Quand est l'examen de machine learning ?,exam
Est-ce qu'il y a un rattrapage pour machine learning ?,exam
Quand est l'examen de statistiques ?,exam
Où se déroule l'examen de statistiques ?,exam
À quelle heure est l'examen de python ?,exam
Où voir le planning des examens ?,exam
Date de l'examen de machine learning,exam
Mot de passe ENT oublié,ent
Impossible d'accéder au ENT,ent
Je n'ai pas accès à mon planning sur l'ENT,ent
Je suis bloqué sur l'ENT,ent
Je n'arrive pas à me connecter au ent,ent
Impossible d'accéder au esic,ent
Le esic ne fonctionne pas,ent
Je ne peux pas accéder à l'ENT,ent
Le ent ne fonctionne pas,ent
Le portail ne fonctionne pas,ent
Je n'arrive pas à me connecter au portail,ent
Impossible d'accéder au portail,ent
Erreur sur l'application ESIC Campus,ent
L'ENT affiche une erreur,ent
Je n'arrive pas à me connecter au ESIC,ent
Double authentification ENT impossible,ent
Le intranet ne fonctionne pas,ent
Je veux réinitialiser mon mot de passe ENT,ent
Impossible d'accéder au intranet,ent
Je ne vois pas mes cours sur l'ENT,ent
Problème de connexion Android ENT,ent
Mon ENT ne marche pas,ent
Je n'arrive pas à me connecter au intranet,ent
Problème ENT,ent
Je ne reçois pas le code de validation,ent
Problème de connexion iOS ENT,ent
Mon identifiant ENT ne fonctionne pas,ent
